bigram,neg_count,pos_count,pos_perc,neg_perc
able get,0,57,inf,0.0
absolute favorite,0,30,inf,0.0
absolutely delicious,-2,66,33.0,0.030303030303030304
absolutely love,0,91,inf,0.0
acai bowl,-1,131,131.0,0.007633587786259542
across street,-7,76,10.857142857142858,0.09210526315789473
actually taste,-4,84,21.0,0.047619047619047616
addition neighborhood,0,36,inf,0.0
adjust sugar,-1,64,64.0,0.015625
adjust sweetness,0,33,inf,0.0
ajisen ramen,-2,90,45.0,0.022222222222222223
almond milk,-11,116,10.545454545454545,0.09482758620689655
almost every,-7,41,5.857142857142857,0.17073170731707318
almost like,-3,22,7.333333333333333,0.13636363636363635
also add,0,30,inf,0.0
also delicious,0,42,inf,0.0
also get,-7,161,23.0,0.043478260869565216
also give,0,30,inf,0.0
also good,-2,104,52.0,0.019230769230769232
also great,0,70,inf,0.0
also like,-2,70,35.0,0.02857142857142857
also love,-1,91,91.0,0.01098901098901099
also make,-1,50,50.0,0.02
also nice,0,35,inf,0.0
also offer,-2,60,30.0,0.03333333333333333
also order,-5,100,20.0,0.05
also pretty,-1,45,45.0,0.022222222222222223
also really,-2,91,45.5,0.02197802197802198
also sell,-2,56,28.0,0.03571428571428571
also serve,-1,38,38.0,0.02631578947368421
also super,-1,45,45.0,0.022222222222222223
also taste,0,28,inf,0.0
also try,-3,142,47.333333333333336,0.02112676056338028
always come,-1,44,44.0,0.022727272727272728
always fresh,-2,52,26.0,0.038461538461538464
always friendly,-1,53,53.0,0.018867924528301886
always get,-15,164,10.933333333333334,0.09146341463414634
always good,-1,45,45.0,0.022222222222222223
always great,0,38,inf,0.0
always line,-2,24,12.0,0.08333333333333333
always make,-1,54,54.0,0.018518518518518517
always nice,0,25,inf,0.0
always order,-4,45,11.25,0.08888888888888889
amount ice,-3,66,22.0,0.045454545454545456
amount sugar,-8,49,6.125,0.16326530612244897
amount sweetness,0,88,inf,0.0
another one,-4,30,7.5,0.13333333333333333
another place,0,33,inf,0.0
answer question,-1,33,33.0,0.030303030303030304
anything else,-4,38,9.5,0.10526315789473684
anything special,-3,22,7.333333333333333,0.13636363636363635
anywhere else,-6,46,7.666666666666667,0.13043478260869565
area would,-3,30,10.0,0.1
around area,-4,60,15.0,0.06666666666666667
around chinatown,-3,37,12.333333333333334,0.08108108108108109
around corner,-6,43,7.166666666666667,0.13953488372093023
asian snack,-1,46,46.0,0.021739130434782608
ask less,-6,60,10.0,0.1
ask sugar,-3,29,9.666666666666666,0.10344827586206896
ask want,-9,27,3.0,0.3333333333333333
authentic taiwanese,0,53,inf,0.0
awesome place,0,27,inf,0.0
açaí bowl,-1,67,67.0,0.014925373134328358
back area,0,37,inf,0.0
back get,-7,58,8.285714285714286,0.1206896551724138
back home,-3,38,12.666666666666666,0.07894736842105263
back next,0,58,inf,0.0
back place,-3,27,9.0,0.1111111111111111
back soon,0,63,inf,0.0
back sure,-4,24,6.0,0.16666666666666666
back time,-1,26,26.0,0.038461538461538464
back try,-9,392,43.55555555555556,0.02295918367346939
bad experience,-4,23,5.75,0.17391304347826086
bad thing,-3,30,10.0,0.1
ball drink,-1,31,31.0,0.03225806451612903
banh sandwich,-2,71,35.5,0.028169014084507043
barely taste,-4,21,5.25,0.19047619047619047
bay ridge,-3,64,21.333333333333332,0.046875
bear house,-1,46,46.0,0.021739130434782608
beef noodle,-2,123,61.5,0.016260162601626018
beef pho,-4,31,7.75,0.12903225806451613
behind counter,-14,117,8.357142857142858,0.11965811965811966
bento box,-12,195,16.25,0.06153846153846154
best brown,0,29,inf,0.0
best ever,-4,153,38.25,0.026143790849673203
best milk,-1,42,42.0,0.023809523809523808
best nyc,-1,45,45.0,0.022222222222222223
best part,-2,57,28.5,0.03508771929824561
best place,-1,129,129.0,0.007751937984496124
best seller,0,27,inf,0.0
best shop,0,27,inf,0.0
best spot,0,25,inf,0.0
best thing,-1,28,28.0,0.03571428571428571
bian dang,0,47,inf,0.0
biao sugar,-3,32,10.666666666666666,0.09375
big fan,-4,101,25.25,0.039603960396039604
bit expensive,-1,37,37.0,0.02702702702702703
bit hard,-2,27,13.5,0.07407407407407407
bit high,-1,30,30.0,0.03333333333333333
bit pricey,-1,56,56.0,0.017857142857142856
bit small,-1,47,47.0,0.02127659574468085
bit sweet,-4,99,24.75,0.04040404040404041
black flavor,-1,35,35.0,0.02857142857142857
black ice,-2,41,20.5,0.04878048780487805
black latte,-4,45,11.25,0.08888888888888889
black milk,-22,234,10.636363636363637,0.09401709401709402
black oolong,-2,67,33.5,0.029850746268656716
black sesame,0,102,inf,0.0
black soft,-1,110,110.0,0.00909090909090909
black sugar,-3,73,24.333333333333332,0.0410958904109589
block away,-14,54,3.857142857142857,0.25925925925925924
blow away,-1,35,35.0,0.02857142857142857
board game,-4,115,28.75,0.034782608695652174
boil egg,-2,33,16.5,0.06060606060606061
bottom cup,-1,25,25.0,0.04
boyfriend get,-2,38,19.0,0.05263157894736842
braise beef,0,30,inf,0.0
braised beef,0,30,inf,0.0
bring back,-1,67,67.0,0.014925373134328358
bring cash,0,30,inf,0.0
brown sugar,-77,1543,20.038961038961038,0.049902786779001944
buy drink,-4,33,8.25,0.12121212121212122
buy get,0,38,inf,0.0
buy one,-4,65,16.25,0.06153846153846154
caramel oolong,-1,30,30.0,0.03333333333333333
card get,0,34,inf,0.0
card minimum,-5,53,10.6,0.09433962264150944
carrot daikon,-3,22,7.333333333333333,0.13636363636363635
chance try,-1,41,41.0,0.024390243902439025
check place,-3,73,24.333333333333332,0.0410958904109589
check yelp,-1,39,39.0,0.02564102564102564
cheese foam,-2,54,27.0,0.037037037037037035
chewy soft,0,27,inf,0.0
chewy sweet,-1,49,49.0,0.02040816326530612
chewy texture,-1,42,42.0,0.023809523809523808
chicken bento,-3,29,9.666666666666666,0.10344827586206896
chicken bowl,0,34,inf,0.0
chicken good,0,24,inf,0.0
chicken leg,-4,84,21.0,0.047619047619047616
chicken pork,-1,34,34.0,0.029411764705882353
chicken rice,-4,100,25.0,0.04
chicken sandwich,-7,152,21.714285714285715,0.046052631578947366
chili oil,-2,43,21.5,0.046511627906976744
china town,-6,42,7.0,0.14285714285714285
chinatown location,-1,34,34.0,0.029411764705882353
choose sugar,-1,24,24.0,0.041666666666666664
classic banh,-2,35,17.5,0.05714285714285714
classic milk,-2,46,23.0,0.043478260869565216
classic sandwich,-3,43,14.333333333333334,0.06976744186046512
closing time,-5,21,4.2,0.23809523809523808
coconut jelly,-5,37,7.4,0.13513513513513514
coconut milk,-5,100,20.0,0.05
coffee drink,-1,32,32.0,0.03125
coffee good,-3,27,9.0,0.1111111111111111
coffee ice,0,35,inf,0.0
coffee milk,-2,61,30.5,0.03278688524590164
coffee shop,-2,100,50.0,0.02
cold brew,-3,41,13.666666666666666,0.07317073170731707
cold day,0,41,inf,0.0
cold drink,-5,53,10.6,0.09433962264150944
come across,-2,47,23.5,0.0425531914893617
come around,-3,31,10.333333333333334,0.0967741935483871
come back,-49,1048,21.387755102040817,0.046755725190839696
come drink,0,28,inf,0.0
come friend,-3,51,17.0,0.058823529411764705
come get,-6,56,9.333333333333334,0.10714285714285714
come often,-1,31,31.0,0.03225806451612903
come one,-4,40,10.0,0.1
come place,-6,44,7.333333333333333,0.13636363636363635
come time,-3,36,12.0,0.08333333333333333
come try,-3,60,20.0,0.05
compare place,-3,51,17.0,0.058823529411764705
condense milk,-2,36,18.0,0.05555555555555555
condensed milk,-2,39,19.5,0.05128205128205128
conveniently locate,-1,24,24.0,0.041666666666666664
cook perfection,0,25,inf,0.0
cook perfectly,0,42,inf,0.0
could eat,-5,21,4.2,0.23809523809523808
could even,-6,34,5.666666666666667,0.17647058823529413
could finish,-5,37,7.4,0.13513513513513514
could get,-9,74,8.222222222222221,0.12162162162162163
could good,0,33,inf,0.0
could make,-4,24,6.0,0.16666666666666666
could really,-1,27,27.0,0.037037037037037035
could taste,-7,55,7.857142857142857,0.12727272727272726
could tell,-5,34,6.8,0.14705882352941177
could use,-6,44,7.333333333333333,0.13636363636363635
couple time,-1,34,34.0,0.029411764705882353
crab meat,-5,43,8.6,0.11627906976744186
cream also,0,35,inf,0.0
cream delicious,-1,37,37.0,0.02702702702702703
cream flavor,-4,91,22.75,0.04395604395604396
cream get,-4,36,9.0,0.1111111111111111
cream good,-2,56,28.0,0.03571428571428571
cream melt,0,36,inf,0.0
cream mousse,-9,124,13.777777777777779,0.07258064516129033
cream place,-1,53,53.0,0.018867924528301886
cream really,-4,47,11.75,0.0851063829787234
cream shop,0,31,inf,0.0
cream taste,-2,34,17.0,0.058823529411764705
cream top,-2,69,34.5,0.028985507246376812
cream would,0,26,inf,0.0
creamy sweet,-4,30,7.5,0.13333333333333333
credit card,-7,163,23.285714285714285,0.04294478527607362
crispy chicken,-3,122,40.666666666666664,0.02459016393442623
crispy outside,0,26,inf,0.0
cup ice,-9,28,3.111111111111111,0.32142857142857145
customer service,-66,342,5.181818181818182,0.19298245614035087
customize drink,-1,34,34.0,0.029411764705882353
customize sugar,-1,36,36.0,0.027777777777777776
cute decor,-1,34,34.0,0.029411764705882353
cute little,-2,128,64.0,0.015625
cute place,0,61,inf,0.0
cute shop,0,35,inf,0.0
cute small,0,25,inf,0.0
cute spot,0,36,inf,0.0
dairy free,0,28,inf,0.0
damn good,-4,28,7.0,0.14285714285714285
decent amount,0,39,inf,0.0
decent price,-1,26,26.0,0.038461538461538464
decide get,-2,54,27.0,0.037037037037037035
decide give,-10,58,5.8,0.1724137931034483
decide order,-3,34,11.333333333333334,0.08823529411764706
decide stop,-3,34,11.333333333333334,0.08823529411764706
decide try,-8,92,11.5,0.08695652173913043
def recommend,0,26,inf,0.0
definitely back,-2,250,125.0,0.008
definitely best,-1,31,31.0,0.03225806451612903
definitely check,-1,25,25.0,0.04
definitely come,0,331,inf,0.0
definitely get,0,65,inf,0.0
definitely give,-1,34,34.0,0.029411764705882353
definitely good,-1,61,61.0,0.01639344262295082
definitely hit,0,25,inf,0.0
definitely make,-1,27,27.0,0.037037037037037035
definitely one,0,60,inf,0.0
definitely order,0,36,inf,0.0
definitely place,0,27,inf,0.0
definitely recommend,0,216,inf,0.0
definitely return,0,48,inf,0.0
definitely stop,-1,34,34.0,0.029411764705882353
definitely taste,0,49,inf,0.0
definitely try,0,76,inf,0.0
definitely want,0,33,inf,0.0
definitely worth,-2,148,74.0,0.013513513513513514
definitely would,-2,32,16.0,0.0625
delicious also,-1,45,45.0,0.022222222222222223
delicious definitely,-1,41,41.0,0.024390243902439025
delicious drink,0,43,inf,0.0
delicious food,-1,38,38.0,0.02631578947368421
delicious get,-2,29,14.5,0.06896551724137931
delicious great,0,30,inf,0.0
delicious ice,0,29,inf,0.0
delicious love,0,30,inf,0.0
delicious really,0,26,inf,0.0
delicious sweet,0,38,inf,0.0
delicious well,0,39,inf,0.0
delicious would,0,44,inf,0.0
deluxe ramen,-2,30,15.0,0.06666666666666667
dessert place,-2,35,17.5,0.05714285714285714
dessert spot,0,30,inf,0.0
devil egg,-4,93,23.25,0.043010752688172046
different drink,-2,39,19.5,0.05128205128205128
different flavor,-7,83,11.857142857142858,0.08433734939759036
different kind,0,31,inf,0.0
different option,0,26,inf,0.0
different place,-2,29,14.5,0.06896551724137931
different type,0,34,inf,0.0
dim sum,-3,31,10.333333333333334,0.0967741935483871
drink also,-5,108,21.6,0.046296296296296294
drink always,-1,41,41.0,0.024390243902439025
drink ask,-7,20,2.857142857142857,0.35
drink brown,0,47,inf,0.0
drink come,-11,111,10.090909090909092,0.0990990990990991
drink could,-1,25,25.0,0.04
drink definitely,-1,47,47.0,0.02127659574468085
drink delicious,0,63,inf,0.0
drink drink,-6,70,11.666666666666666,0.08571428571428572
drink even,-2,32,16.0,0.0625
drink first,-2,26,13.0,0.07692307692307693
drink food,-2,34,17.0,0.058823529411764705
drink friend,-1,29,29.0,0.034482758620689655
drink get,-8,174,21.75,0.04597701149425287
drink give,-7,35,5.0,0.2
drink good,-12,127,10.583333333333334,0.09448818897637795
drink great,-3,57,19.0,0.05263157894736842
drink hot,0,34,inf,0.0
drink ice,-3,31,10.333333333333334,0.0967741935483871
drink like,-4,87,21.75,0.04597701149425287
drink little,-2,28,14.0,0.07142857142857142
drink look,-3,27,9.0,0.1111111111111111
drink lot,-1,26,26.0,0.038461538461538464
drink love,0,33,inf,0.0
drink make,-10,120,12.0,0.08333333333333333
drink menu,-1,58,58.0,0.017241379310344827
drink milk,-8,65,8.125,0.12307692307692308
drink much,-2,35,17.5,0.05714285714285714
drink one,-4,40,10.0,0.1
drink option,0,34,inf,0.0
drink order,-12,97,8.083333333333334,0.12371134020618557
drink overall,-2,24,12.0,0.08333333333333333
drink place,-4,46,11.5,0.08695652173913043
drink pretty,-1,70,70.0,0.014285714285714285
drink really,-3,90,30.0,0.03333333333333333
drink service,-3,25,8.333333333333334,0.12
drink since,-2,30,15.0,0.06666666666666667
drink soft,-3,31,10.333333333333334,0.0967741935483871
drink still,-1,40,40.0,0.025
drink super,0,43,inf,0.0
drink sweet,-7,106,15.142857142857142,0.0660377358490566
drink take,-4,40,10.0,0.1
drink taste,-20,106,5.3,0.18867924528301888
drink think,-2,48,24.0,0.041666666666666664
drink try,0,59,inf,0.0
drink well,-2,39,19.5,0.05128205128205128
drink without,-4,21,5.25,0.19047619047619047
drink would,-3,61,20.333333333333332,0.04918032786885246
earl gray,-5,34,6.8,0.14705882352941177
earl grey,-16,282,17.625,0.05673758865248227
east coast,-1,29,29.0,0.034482758620689655
east side,-2,28,14.0,0.07142857142857142
east village,-2,63,31.5,0.031746031746031744
eat ice,-1,49,49.0,0.02040816326530612
either way,-3,33,11.0,0.09090909090909091
end get,-14,383,27.357142857142858,0.03655352480417755
end order,-15,171,11.4,0.08771929824561403
enjoy drink,-5,59,11.8,0.0847457627118644
especially since,-4,35,8.75,0.11428571428571428
even ask,-7,23,3.2857142857142856,0.30434782608695654
even get,-8,39,4.875,0.20512820512820512
even good,-4,77,19.25,0.05194805194805195
even though,-10,213,21.3,0.046948356807511735
ever get,-12,105,8.75,0.11428571428571428
ever since,-2,49,24.5,0.04081632653061224
ever taste,-6,51,8.5,0.11764705882352941
ever try,-5,98,19.6,0.05102040816326531
every bite,-1,32,32.0,0.03125
every day,-1,68,68.0,0.014705882352941176
every drink,-1,34,34.0,0.029411764705882353
every single,-3,56,18.666666666666668,0.05357142857142857
every time,-17,197,11.588235294117647,0.08629441624365482
every week,-2,44,22.0,0.045454545454545456
everything else,-5,38,7.6,0.13157894736842105
everything fresh,-2,38,19.0,0.05263157894736842
everything make,-1,24,24.0,0.041666666666666664
everything menu,-1,30,30.0,0.03333333333333333
everything taste,-1,30,30.0,0.03333333333333333
exactly like,0,25,inf,0.0
excite try,-5,39,7.8,0.1282051282051282
expect much,-5,21,4.2,0.23809523809523808
extra spicy,-1,27,27.0,0.037037037037037035
extremely friendly,0,27,inf,0.0
far best,-1,39,39.0,0.02564102564102564
far favorite,-1,24,24.0,0.041666666666666664
fast food,0,34,inf,0.0
fast friendly,-1,32,32.0,0.03125
fast service,-5,103,20.6,0.04854368932038835
favorite drink,-2,74,37.0,0.02702702702702703
favorite milk,-1,28,28.0,0.03571428571428571
favorite part,-1,28,28.0,0.03571428571428571
favorite place,-4,232,58.0,0.017241379310344827
favorite shop,0,46,inf,0.0
favorite spot,-3,107,35.666666666666664,0.028037383177570093
favorite thing,-1,25,25.0,0.04
feel like,-9,204,22.666666666666668,0.04411764705882353
felt like,-13,116,8.923076923076923,0.11206896551724138
finally get,-8,66,8.25,0.12121212121212122
finally open,0,29,inf,0.0
finally try,-3,22,7.333333333333333,0.13636363636363635
find good,-5,44,8.8,0.11363636363636363
find place,-3,129,43.0,0.023255813953488372
finish drink,-6,40,6.666666666666667,0.15
first love,0,53,inf,0.0
first open,-4,24,6.0,0.16666666666666666
first place,-4,30,7.5,0.13333333333333333
first sip,-2,47,23.5,0.0425531914893617
first thing,-1,26,26.0,0.038461538461538464
first time,-46,454,9.869565217391305,0.1013215859030837
first try,-1,24,24.0,0.041666666666666664
first visit,-2,33,16.5,0.06060606060606061
fish cone,0,32,inf,0.0
five star,-2,39,19.5,0.05128205128205128
flavor also,-4,74,18.5,0.05405405405405406
flavor choose,-3,44,14.666666666666666,0.06818181818181818
flavor could,-2,25,12.5,0.08
flavor definitely,0,36,inf,0.0
flavor delicious,0,27,inf,0.0
flavor drink,-1,41,41.0,0.024390243902439025
flavor get,-2,53,26.5,0.03773584905660377
flavor good,-2,62,31.0,0.03225806451612903
flavor great,0,42,inf,0.0
flavor ice,-2,68,34.0,0.029411764705882353
flavor like,0,74,inf,0.0
flavor love,0,29,inf,0.0
flavor milk,0,40,inf,0.0
flavor one,-1,31,31.0,0.03225806451612903
flavor really,-1,67,67.0,0.014925373134328358
flavor soft,-1,66,66.0,0.015151515151515152
flavor strong,-2,64,32.0,0.03125
flavor sweet,0,52,inf,0.0
flavor taste,-7,41,5.857142857142857,0.17073170731707318
flavor texture,0,31,inf,0.0
flavor try,-1,26,26.0,0.038461538461538464
flavor would,-1,42,42.0,0.023809523809523808
flushing location,0,31,inf,0.0
food come,-5,34,6.8,0.14705882352941177
food delicious,-1,30,30.0,0.03333333333333333
food drink,-1,72,72.0,0.013888888888888888
food get,-4,37,9.25,0.10810810810810811
food good,-8,80,10.0,0.1
food great,-2,62,31.0,0.03225806451612903
food order,-3,26,8.666666666666666,0.11538461538461539
food really,-4,25,6.25,0.16
food truck,0,74,inf,0.0
forward come,0,26,inf,0.0
forward try,-1,33,33.0,0.030303030303030304
free drink,-1,75,75.0,0.013333333333333334
free milk,0,47,inf,0.0
free upgrade,-1,60,60.0,0.016666666666666666
free wifi,0,52,inf,0.0
fresh delicious,-1,63,63.0,0.015873015873015872
fresh fruit,0,72,inf,0.0
fresh ingredient,-1,57,57.0,0.017543859649122806
fresh make,-1,42,42.0,0.023809523809523808
fresh milk,-1,66,66.0,0.015151515151515152
fresh taro,-1,55,55.0,0.01818181818181818
fresh tasty,0,29,inf,0.0
freshly brew,0,33,inf,0.0
freshly make,-2,72,36.0,0.027777777777777776
friday night,-3,23,7.666666666666667,0.13043478260869565
fried chicken,-7,148,21.142857142857142,0.0472972972972973
fried pork,0,36,inf,0.0
fried rice,-1,29,29.0,0.034482758620689655
friend come,-2,38,19.0,0.05263157894736842
friend get,-8,202,25.25,0.039603960396039604
friend love,-2,43,21.5,0.046511627906976744
friend order,-9,113,12.555555555555555,0.07964601769911504
friend try,0,49,inf,0.0
friendly helpful,0,60,inf,0.0
friendly quick,-1,28,28.0,0.03571428571428571
friendly service,-3,100,33.333333333333336,0.03
friendly staff,-2,175,87.5,0.011428571428571429
fruit drink,-3,59,19.666666666666668,0.05084745762711865
fruit flavor,-3,45,15.0,0.06666666666666667
fruit green,-5,158,31.6,0.03164556962025317
fry chicken,-6,109,18.166666666666668,0.05504587155963303
full flavor,-1,37,37.0,0.02702702702702703
generous amount,-1,29,29.0,0.034482758620689655
generous portion,0,44,inf,0.0
get another,-2,25,12.5,0.08
get back,-1,34,34.0,0.029411764705882353
get black,-11,79,7.181818181818182,0.13924050632911392
get brown,-8,129,16.125,0.06201550387596899
get chance,-1,45,45.0,0.022222222222222223
get classic,-4,42,10.5,0.09523809523809523
get crowd,-2,36,18.0,0.05555555555555555
get drink,-25,210,8.4,0.11904761904761904
get enough,-1,29,29.0,0.034482758620689655
get fix,-4,39,9.75,0.10256410256410256
get food,-6,32,5.333333333333333,0.1875
get free,0,142,inf,0.0
get get,-7,39,5.571428571428571,0.1794871794871795
get good,-7,68,9.714285714285714,0.10294117647058823
get green,-3,41,13.666666666666666,0.07317073170731707
get home,-6,23,3.8333333333333335,0.2608695652173913
get hot,-3,51,17.0,0.058823529411764705
get ice,-2,104,52.0,0.019230769230769232
get jasmine,-1,47,47.0,0.02127659574468085
get large,-1,89,89.0,0.011235955056179775
get less,-1,37,37.0,0.02702702702702703
get little,-4,30,7.5,0.13333333333333333
get lot,-1,28,28.0,0.03571428571428571
get lychee,-1,41,41.0,0.024390243902439025
get mango,-4,44,11.0,0.09090909090909091
get matcha,-2,64,32.0,0.03125
get milk,-10,101,10.1,0.09900990099009901
get one,-9,194,21.555555555555557,0.04639175257731959
get oolong,-5,77,15.4,0.06493506493506493
get order,-16,116,7.25,0.13793103448275862
get passion,-2,39,19.5,0.05128205128205128
get pay,-7,24,3.4285714285714284,0.2916666666666667
get place,-1,31,31.0,0.03225806451612903
get pork,0,45,inf,0.0
get pretty,-2,30,15.0,0.06666666666666667
get really,-1,37,37.0,0.02702702702702703
get regular,-5,61,12.2,0.08196721311475409
get right,-6,31,5.166666666666667,0.1935483870967742
get roll,-4,31,7.75,0.12903225806451613
get say,-1,25,25.0,0.04
get seat,0,35,inf,0.0
get sick,-10,21,2.1,0.47619047619047616
get signature,-1,27,27.0,0.037037037037037035
get small,-3,55,18.333333333333332,0.05454545454545454
get soft,-2,40,20.0,0.05
get something,-3,49,16.333333333333332,0.061224489795918366
get spicy,-2,45,22.5,0.044444444444444446
get star,-3,31,10.333333333333334,0.0967741935483871
get strawberry,-2,46,23.0,0.043478260869565216
get sugar,-4,73,18.25,0.0547945205479452
get swirl,-1,31,31.0,0.03225806451612903
get taro,-5,88,17.6,0.056818181818181816
get thai,-5,48,9.6,0.10416666666666667
get try,-2,83,41.5,0.024096385542168676
get two,-6,39,6.5,0.15384615384615385
get wrong,-5,27,5.4,0.18518518518518517
girl work,-5,33,6.6,0.15151515151515152
give another,-9,39,4.333333333333333,0.23076923076923078
give drink,-5,29,5.8,0.1724137931034483
give free,-1,33,33.0,0.030303030303030304
give good,0,29,inf,0.0
give lot,-2,26,13.0,0.07692307692307693
give place,-12,114,9.5,0.10526315789473684
give sample,-1,35,35.0,0.02857142857142857
give shot,-2,36,18.0,0.05555555555555555
give star,-13,82,6.3076923076923075,0.15853658536585366
give try,-9,140,15.555555555555555,0.06428571428571428
glad find,-1,28,28.0,0.03571428571428571
go place,-1,18,18.0,0.05555555555555555
go spot,0,0,,
golden oolong,-2,29,14.5,0.06896551724137931
gong cha,-29,235,8.10344827586207,0.12340425531914893
good also,-2,65,32.5,0.03076923076923077
good amount,-2,69,34.5,0.028985507246376812
good cheap,-2,23,11.5,0.08695652173913043
good chewy,0,29,inf,0.0
good coffee,-1,38,38.0,0.02631578947368421
good come,-3,40,13.333333333333334,0.075
good customer,-4,29,7.25,0.13793103448275862
good deal,-2,37,18.5,0.05405405405405406
good definitely,0,68,inf,0.0
good drink,-8,63,7.875,0.12698412698412698
good enough,-3,42,14.0,0.07142857142857142
good especially,-3,27,9.0,0.1111111111111111
good experience,0,39,inf,0.0
good flavor,-1,77,77.0,0.012987012987012988
good food,-2,57,28.5,0.03508771929824561
good friend,-1,32,32.0,0.03125
good get,-3,119,39.666666666666664,0.025210084033613446
good good,-1,64,64.0,0.015625
good great,-4,38,9.5,0.10526315789473684
good ice,-4,45,11.25,0.08888888888888889
good job,-3,23,7.666666666666667,0.13043478260869565
good know,0,26,inf,0.0
good like,-2,71,35.5,0.028169014084507043
good little,-1,28,28.0,0.03571428571428571
good love,0,55,inf,0.0
good make,-1,31,31.0,0.03225806451612903
good milk,-4,67,16.75,0.05970149253731343
good nice,0,28,inf,0.0
good nothing,-4,25,6.25,0.16
good one,-5,78,15.6,0.0641025641025641
good option,-3,38,12.666666666666666,0.07894736842105263
good order,-5,48,9.6,0.10416666666666667
good place,-10,210,21.0,0.047619047619047616
good portion,-1,28,28.0,0.03571428571428571
good price,-3,109,36.333333333333336,0.027522935779816515
good quality,-7,88,12.571428571428571,0.07954545454545454
good ramen,-3,26,8.666666666666666,0.11538461538461539
good really,0,30,inf,0.0
good review,-8,22,2.75,0.36363636363636365
good selection,-1,37,37.0,0.02702702702702703
good service,-6,87,14.5,0.06896551724137931
good soft,-3,28,9.333333333333334,0.10714285714285714
good spot,-2,33,16.5,0.06060606060606061
good staff,0,27,inf,0.0
good stuff,-1,25,25.0,0.04
good sweet,-3,57,19.0,0.05263157894736842
good tapioca,-1,30,30.0,0.03333333333333333
good taste,-3,66,22.0,0.045454545454545456
good texture,0,31,inf,0.0
good thing,-4,70,17.5,0.05714285714285714
good think,-2,46,23.0,0.043478260869565216
good though,-4,65,16.25,0.06153846153846154
good time,-1,27,27.0,0.037037037037037035
good try,-2,38,19.0,0.05263157894736842
good variety,-1,30,30.0,0.03333333333333333
good way,-3,29,9.666666666666666,0.10344827586206896
good well,0,70,inf,0.0
good would,-2,73,36.5,0.0273972602739726
grab drink,-1,37,37.0,0.02702702702702703
grab quick,0,32,inf,0.0
grand opening,-1,60,60.0,0.016666666666666666
grapefruit green,-2,52,26.0,0.038461538461538464
grass jelly,-16,162,10.125,0.09876543209876543
great addition,0,40,inf,0.0
great customer,-1,48,48.0,0.020833333333333332
great deal,0,39,inf,0.0
great drink,-2,55,27.5,0.03636363636363636
great experience,-1,53,53.0,0.018867924528301886
great flavor,0,63,inf,0.0
great food,-2,47,23.5,0.0425531914893617
great get,0,44,inf,0.0
great little,0,45,inf,0.0
great option,0,35,inf,0.0
great place,-2,214,107.0,0.009345794392523364
great price,-2,64,32.0,0.03125
great quality,-2,32,16.0,0.0625
great selection,0,48,inf,0.0
great service,0,152,inf,0.0
great spot,0,90,inf,0.0
great taste,-2,44,22.0,0.045454545454545456
great texture,0,33,inf,0.0
great thing,0,28,inf,0.0
great value,0,25,inf,0.0
great variety,0,27,inf,0.0
great would,0,27,inf,0.0
green apple,-4,43,10.75,0.09302325581395349
green black,0,28,inf,0.0
green flavor,-1,29,29.0,0.034482758620689655
green ice,-1,45,45.0,0.022222222222222223
green latte,-3,38,12.666666666666666,0.07894736842105263
green milk,-8,133,16.625,0.06015037593984962
grey ice,-4,43,10.75,0.09302325581395349
grey milk,-6,61,10.166666666666666,0.09836065573770492
grill chicken,-1,38,38.0,0.02631578947368421
grill pork,-4,44,11.0,0.09090909090909091
grilled chicken,-8,57,7.125,0.14035087719298245
grilled pork,-8,91,11.375,0.08791208791208792
ground pork,-2,73,36.5,0.0273972602739726
guy make,-9,29,3.2222222222222223,0.3103448275862069
guy work,-1,30,30.0,0.03333333333333333
half egg,-1,30,30.0,0.03333333333333333
half half,-1,32,32.0,0.03125
half sugar,-4,55,13.75,0.07272727272727272
hand best,-2,36,18.0,0.05555555555555555
hand sanitizer,0,28,inf,0.0
hang friend,-1,28,28.0,0.03571428571428571
happy find,0,30,inf,0.0
hard find,-1,48,48.0,0.020833333333333332
hard time,-1,28,28.0,0.03571428571428571
herbal jelly,-18,83,4.611111111111111,0.21686746987951808
hibiscus flower,-2,28,14.0,0.07142857142857142
hidden gem,0,44,inf,0.0
high expectation,-5,32,6.4,0.15625
high price,-1,30,30.0,0.03333333333333333
high quality,-6,146,24.333333333333332,0.0410958904109589
high school,-5,52,10.4,0.09615384615384616
highly recommend,-4,531,132.75,0.007532956685499058
hit spot,-4,118,29.5,0.03389830508474576
hole wall,0,71,inf,0.0
homer simpson,-2,60,30.0,0.03333333333333333
honey green,-2,37,18.5,0.05405405405405406
honey osmanthus,0,32,inf,0.0
hong kong,-3,70,23.333333333333332,0.04285714285714286
hot cold,-4,74,18.5,0.05405405405405406
hot day,-5,96,19.2,0.052083333333333336
hot drink,-6,74,12.333333333333334,0.08108108108108109
hot summer,-3,79,26.333333333333332,0.0379746835443038
hot taro,-2,26,13.0,0.07692307692307693
house special,-1,65,65.0,0.015384615384615385
huge fan,-4,101,25.25,0.039603960396039604
ice coffee,-2,62,31.0,0.03225806451612903
ice cream,-108,2303,21.324074074074073,0.04689535388623534
ice drink,-12,105,8.75,0.11428571428571428
ice level,-3,116,38.666666666666664,0.02586206896551724
ice sugar,-8,100,12.5,0.08
iced coffee,-4,70,17.5,0.05714285714285714
include tax,-3,22,7.333333333333333,0.13636363636363635
ingredient fresh,0,25,inf,0.0
inside store,-1,40,40.0,0.025
instagram worthy,0,24,inf,0.0
iron goddess,-3,42,14.0,0.07142857142857142
item menu,-1,51,51.0,0.0196078431372549
japanese matcha,0,27,inf,0.0
japanese rice,-1,52,52.0,0.019230769230769232
japanese snack,0,38,inf,0.0
jasmine green,-18,154,8.555555555555555,0.11688311688311688
jasmine milk,-9,103,11.444444444444445,0.08737864077669903
jasmine oolong,0,31,inf,0.0
jelly also,-2,22,11.0,0.09090909090909091
juice place,-1,29,29.0,0.034482758620689655
juice smoothy,-1,29,29.0,0.034482758620689655
juice vitality,0,36,inf,0.0
juicy cube,-3,47,15.666666666666666,0.06382978723404255
kale shopper,0,40,inf,0.0
keep come,-2,41,20.5,0.04878048780487805
keep mind,-3,38,12.666666666666666,0.07894736842105263
kind like,0,33,inf,0.0
know get,-2,32,16.0,0.0625
know good,-1,35,35.0,0.02857142857142857
know place,-1,43,43.0,0.023255813953488372
know would,-3,35,11.666666666666666,0.08571428571428572
lack flavor,-7,69,9.857142857142858,0.10144927536231885
lactaid milk,-2,52,26.0,0.038461538461538464
lactose free,0,27,inf,0.0
lactose intolerant,-1,47,47.0,0.02127659574468085
large drink,-1,26,26.0,0.038461538461538464
large selection,0,26,inf,0.0
large size,-9,85,9.444444444444445,0.10588235294117647
large small,0,27,inf,0.0
last night,-11,30,2.727272727272727,0.36666666666666664
last time,-10,83,8.3,0.12048192771084337
last week,-5,39,7.8,0.1282051282051282
last year,-3,26,8.666666666666666,0.11538461538461539
late night,-1,33,33.0,0.030303030303030304
least week,-1,33,33.0,0.030303030303030304
leg bento,-2,25,12.5,0.08
less ice,-8,122,15.25,0.06557377049180328
less minute,-1,30,30.0,0.03333333333333333
less sugar,-10,122,12.2,0.08196721311475409
less sweet,-2,85,42.5,0.023529411764705882
let know,-4,29,7.25,0.13793103448275862
let sample,0,25,inf,0.0
let say,-3,27,9.0,0.1111111111111111
let taste,-2,25,12.5,0.08
let try,-1,35,35.0,0.02857142857142857
level drink,0,36,inf,0.0
level ice,-2,28,14.0,0.07142857142857142
level sugar,-2,36,18.0,0.05555555555555555
level sweetness,0,46,inf,0.0
light ice,-1,51,51.0,0.0196078431372549
like black,0,28,inf,0.0
like brown,-3,32,10.666666666666666,0.09375
like come,-3,27,9.0,0.1111111111111111
like drink,-13,114,8.76923076923077,0.11403508771929824
like eat,-5,23,4.6,0.21739130434782608
like flavor,0,58,inf,0.0
like get,-5,65,13.0,0.07692307692307693
like good,-1,46,46.0,0.021739130434782608
like green,0,27,inf,0.0
like ice,-1,34,34.0,0.029411764705882353
like like,-3,32,10.666666666666666,0.09375
like lot,-2,51,25.5,0.0392156862745098
like make,-4,26,6.5,0.15384615384615385
like milk,-6,118,19.666666666666668,0.05084745762711865
like much,-1,39,39.0,0.02564102564102564
like one,-4,51,12.75,0.0784313725490196
like order,-1,30,30.0,0.03333333333333333
like place,-11,210,19.09090909090909,0.05238095238095238
like really,0,29,inf,0.0
like regular,-3,30,10.0,0.1
like say,-2,26,13.0,0.07692307692307693
like sweet,-5,80,16.0,0.0625
like taro,-4,42,10.5,0.09523809523809523
like taste,-5,29,5.8,0.1724137931034483
like try,-4,53,13.25,0.07547169811320754
like water,-11,33,3.0,0.3333333333333333
like would,-1,34,34.0,0.029411764705882353
limited seating,0,54,inf,0.0
line door,-3,57,19.0,0.05263157894736842
line get,-1,48,48.0,0.020833333333333332
line long,-2,54,27.0,0.037037037037037035
line move,-3,67,22.333333333333332,0.04477611940298507
line order,-8,51,6.375,0.1568627450980392
line outside,-1,29,29.0,0.034482758620689655
line people,-1,26,26.0,0.038461538461538464
little bit,-13,150,11.538461538461538,0.08666666666666667
little italy,-1,24,24.0,0.041666666666666664
little place,-1,80,80.0,0.0125
little pricey,-2,46,23.0,0.043478260869565216
little shop,-2,87,43.5,0.022988505747126436
little spot,0,46,inf,0.0
little sweet,-4,68,17.0,0.058823529411764705
live close,0,31,inf,0.0
live hype,-2,23,11.5,0.08695652173913043
local business,-1,26,26.0,0.038461538461538464
long island,-3,28,9.333333333333334,0.10714285714285714
long line,-13,140,10.76923076923077,0.09285714285714286
long time,-10,101,10.1,0.09900990099009901
long wait,-9,66,7.333333333333333,0.13636363636363635
look delicious,-1,28,28.0,0.03571428571428571
look forward,-5,117,23.4,0.042735042735042736
look good,-1,64,64.0,0.015625
look like,-21,139,6.619047619047619,0.1510791366906475
look place,-2,30,15.0,0.06666666666666667
look pretty,0,26,inf,0.0
look really,-5,24,4.8,0.20833333333333334
look something,-1,27,27.0,0.037037037037037035
lot different,-2,35,17.5,0.05714285714285714
lot flavor,-2,44,22.0,0.045454545454545456
lot good,0,33,inf,0.0
lot ice,-1,42,42.0,0.023809523809523808
lot option,-2,34,17.0,0.058823529411764705
lot people,-2,49,24.5,0.04081632653061224
lot place,-1,53,53.0,0.018867924528301886
love come,0,56,inf,0.0
love drink,-3,58,19.333333333333332,0.05172413793103448
love flavor,-1,37,37.0,0.02702702702702703
love get,-2,39,19.5,0.05128205128205128
love good,-1,25,25.0,0.04
love green,0,26,inf,0.0
love ice,0,37,inf,0.0
love kung,-6,27,4.5,0.2222222222222222
love little,0,25,inf,0.0
love love,-1,64,64.0,0.015625
love milk,0,41,inf,0.0
love much,-2,32,16.0,0.0625
love place,-10,348,34.8,0.028735632183908046
love rice,-2,30,15.0,0.06666666666666667
love soft,0,29,inf,0.0
love sweet,0,27,inf,0.0
love taro,0,35,inf,0.0
love try,0,31,inf,0.0
love yaya,-2,45,22.5,0.044444444444444446
loyalty card,0,31,inf,0.0
lunch special,-3,54,18.0,0.05555555555555555
lunch time,-1,27,27.0,0.037037037037037035
lychee green,-1,37,37.0,0.02702702702702703
lychee jelly,-4,111,27.75,0.036036036036036036
make best,0,31,inf,0.0
make difference,-3,25,8.333333333333334,0.12
make drink,-31,212,6.838709677419355,0.14622641509433962
make everything,0,26,inf,0.0
make feel,-3,74,24.666666666666668,0.04054054054054054
make fresh,-3,120,40.0,0.025
make good,-4,53,13.25,0.07547169811320754
make great,-1,42,42.0,0.023809523809523808
make ice,-3,33,11.0,0.09090909090909091
make milk,-6,26,4.333333333333333,0.23076923076923078
make mistake,-9,19,2.111111111111111,0.47368421052631576
make order,-5,95,19.0,0.05263157894736842
make perfect,-1,58,58.0,0.017241379310344827
make place,-1,42,42.0,0.023809523809523808
make powder,-3,23,7.666666666666667,0.13043478260869565
make real,-8,85,10.625,0.09411764705882353
make really,-3,34,11.333333333333334,0.08823529411764706
make right,-1,37,37.0,0.02702702702702703
make sense,-1,31,31.0,0.03225806451612903
make sure,-13,252,19.384615384615383,0.051587301587301584
make taste,-2,25,12.5,0.08
make trip,0,26,inf,0.0
make want,-1,35,35.0,0.02857142857142857
make way,-2,47,23.5,0.0425531914893617
mango green,-1,67,67.0,0.014925373134328358
mango lychee,0,22,inf,0.0
mango slush,-2,43,21.5,0.046511627906976744
mango star,-1,33,33.0,0.030303030303030304
manhattan chinatown,-2,23,11.5,0.08695652173913043
many different,-1,53,53.0,0.018867924528301886
many flavor,0,44,inf,0.0
many option,-3,53,17.666666666666668,0.05660377358490566
many people,-5,51,10.2,0.09803921568627451
many place,-9,86,9.555555555555555,0.10465116279069768
many time,-8,62,7.75,0.12903225806451613
mason jar,-6,92,15.333333333333334,0.06521739130434782
matcha black,0,33,inf,0.0
matcha drink,-1,28,28.0,0.03571428571428571
matcha flavor,-2,41,20.5,0.04878048780487805
matcha green,-3,68,22.666666666666668,0.04411764705882353
matcha ice,-7,45,6.428571428571429,0.15555555555555556
matcha latte,-9,112,12.444444444444445,0.08035714285714286
matcha milk,-4,48,12.0,0.08333333333333333
matcha taro,0,20,inf,0.0
maybe try,-2,23,11.5,0.08695652173913043
medium size,-3,40,13.333333333333334,0.075
medium spicy,0,30,inf,0.0
melt mouth,0,33,inf,0.0
menu item,0,40,inf,0.0
menu pretty,0,25,inf,0.0
milk also,-4,92,23.0,0.043478260869565216
milk best,-5,33,6.6,0.15151515151515152
milk black,-4,40,10.0,0.1
milk brown,-4,67,16.75,0.05970149253731343
milk coffee,0,31,inf,0.0
milk come,-4,30,7.5,0.13333333333333333
milk cream,-4,98,24.5,0.04081632653061224
milk creamy,-1,28,28.0,0.03571428571428571
milk definitely,0,32,inf,0.0
milk delicious,0,57,inf,0.0
milk drink,-8,111,13.875,0.07207207207207207
milk ever,-3,54,18.0,0.05555555555555555
milk favorite,-1,24,24.0,0.041666666666666664
milk flavor,-7,71,10.142857142857142,0.09859154929577464
milk foam,-16,214,13.375,0.07476635514018691
milk get,-5,59,11.8,0.0847457627118644
milk good,-3,119,39.666666666666664,0.025210084033613446
milk great,0,48,inf,0.0
milk green,-14,85,6.071428571428571,0.16470588235294117
milk ice,-5,76,15.2,0.06578947368421052
milk less,-1,40,40.0,0.025
milk like,-9,42,4.666666666666667,0.21428571428571427
milk love,0,57,inf,0.0
milk make,-3,62,20.666666666666668,0.04838709677419355
milk milk,-7,70,10.0,0.1
milk one,-3,51,17.0,0.058823529411764705
milk oolong,-2,28,14.0,0.07142857142857142
milk option,0,64,inf,0.0
milk pearl,-1,57,57.0,0.017543859649122806
milk place,-5,84,16.8,0.05952380952380952
milk pretty,-1,38,38.0,0.02631578947368421
milk pudding,-8,46,5.75,0.17391304347826086
milk really,0,87,inf,0.0
milk regular,-1,32,32.0,0.03125
milk shop,-4,26,6.5,0.15384615384615385
milk soft,-3,69,23.0,0.043478260869565216
milk sugar,-14,109,7.785714285714286,0.12844036697247707
milk sweet,-2,74,37.0,0.02702702702702703
milk sweetness,0,25,inf,0.0
milk tapioca,-6,90,15.0,0.06666666666666667
milk taro,-2,61,30.5,0.03278688524590164
milk taste,-14,139,9.928571428571429,0.10071942446043165
milk teas,-4,29,7.25,0.13793103448275862
milk think,0,25,inf,0.0
milk try,-4,28,7.0,0.14285714285714285
milk use,-3,35,11.666666666666666,0.08571428571428572
milk well,-2,25,12.5,0.08
milk would,-3,52,17.333333333333332,0.057692307692307696
mince pork,-5,46,9.2,0.10869565217391304
minced pork,-4,43,10.75,0.09302325581395349
minute drink,-4,22,5.5,0.18181818181818182
minute get,-3,39,13.0,0.07692307692307693
minute order,-2,34,17.0,0.058823529411764705
minute wait,-6,26,4.333333333333333,0.23076923076923078
month ago,-4,29,7.25,0.13793103448275862
move fast,0,26,inf,0.0
move quickly,0,26,inf,0.0
much flavor,0,38,inf,0.0
much good,-11,148,13.454545454545455,0.07432432432432433
much ice,-8,69,8.625,0.11594202898550725
much like,-1,29,29.0,0.034482758620689655
much love,0,30,inf,0.0
much milk,-1,24,24.0,0.041666666666666664
much seating,-1,31,31.0,0.03225806451612903
much sugar,-2,42,21.0,0.047619047619047616
must get,-3,22,7.333333333333333,0.13636363636363635
must say,-2,39,19.5,0.05128205128205128
must try,-3,142,47.333333333333336,0.02112676056338028
name drink,-1,28,28.0,0.03571428571428571
never come,-16,18,1.125,0.8888888888888888
never disappoint,-2,66,33.0,0.030303030303030304
never get,-8,49,6.125,0.16326530612244897
never see,-3,41,13.666666666666666,0.07317073170731707
never try,-2,51,25.5,0.0392156862745098
new drink,-1,25,25.0,0.04
new favorite,0,74,inf,0.0
new location,-1,47,47.0,0.02127659574468085
new one,-5,23,4.6,0.21739130434782608
new place,-4,57,14.25,0.07017543859649122
new spot,-1,40,40.0,0.025
new york,-12,358,29.833333333333332,0.0335195530726257
next day,-2,45,22.5,0.044444444444444446
next door,-13,63,4.846153846153846,0.20634920634920634
next time,-18,492,27.333333333333332,0.036585365853658534
nice chewy,-2,48,24.0,0.041666666666666664
nice clean,0,26,inf,0.0
nice friendly,0,52,inf,0.0
nice little,-1,43,43.0,0.023255813953488372
nice place,-4,78,19.5,0.05128205128205128
nice staff,0,45,inf,0.0
nice touch,-1,28,28.0,0.03571428571428571
night market,-2,40,20.0,0.05
non dairy,-4,14,3.5,0.2857142857142857
noodle soup,-3,144,48.0,0.020833333333333332
nothing like,-5,26,5.2,0.19230769230769232
nothing special,-28,67,2.392857142857143,0.417910447761194
oat milk,0,69,inf,0.0
one best,-2,270,135.0,0.007407407407407408
one day,-4,75,18.75,0.05333333333333334
one drink,-7,61,8.714285714285714,0.11475409836065574
one favorite,-6,221,36.833333333333336,0.027149321266968326
one free,-3,87,29.0,0.034482758620689655
one friend,-1,42,42.0,0.023809523809523808
one get,-7,103,14.714285714285714,0.06796116504854369
one good,-4,83,20.75,0.04819277108433735
one like,-1,54,54.0,0.018518518518518517
one many,-5,21,4.2,0.23809523809523808
one order,-7,46,6.571428571428571,0.15217391304347827
one person,-3,66,22.0,0.045454545454545456
one place,-2,61,30.5,0.03278688524590164
one size,-1,50,50.0,0.02
one star,-6,35,5.833333333333333,0.17142857142857143
one thing,-3,97,32.333333333333336,0.030927835051546393
one time,-2,49,24.5,0.04081632653061224
one top,-2,37,18.5,0.05405405405405406
one try,-1,49,49.0,0.02040816326530612
one two,-1,27,27.0,0.037037037037037035
oolong black,-2,106,53.0,0.018867924528301886
oolong flavor,-2,57,28.5,0.03508771929824561
oolong ice,-3,27,9.0,0.1111111111111111
oolong latte,-3,65,21.666666666666668,0.046153846153846156
oolong matcha,-1,35,35.0,0.02857142857142857
oolong milk,-14,218,15.571428571428571,0.06422018348623854
oolong signature,0,32,inf,0.0
oolong soft,-3,131,43.666666666666664,0.022900763358778626
open late,-2,23,11.5,0.08695652173913043
open location,-3,27,9.0,0.1111111111111111
option choose,-1,40,40.0,0.025
option get,0,32,inf,0.0
option like,-2,27,13.5,0.07407407407407407
order ahead,-1,26,26.0,0.038461538461538464
order also,-4,28,7.0,0.14285714285714285
order black,-3,54,18.0,0.05555555555555555
order brown,-7,79,11.285714285714286,0.08860759493670886
order chicken,-7,24,3.4285714285714284,0.2916666666666667
order classic,-2,39,19.5,0.05128205128205128
order come,-4,37,9.25,0.10810810810810811
order delivery,-9,63,7.0,0.14285714285714285
order drink,-22,108,4.909090909090909,0.2037037037037037
order food,-4,35,8.75,0.11428571428571428
order get,-6,72,12.0,0.08333333333333333
order hot,-9,48,5.333333333333333,0.1875
order jasmine,-7,31,4.428571428571429,0.22580645161290322
order large,-6,54,9.0,0.1111111111111111
order make,-2,34,17.0,0.058823529411764705
order mango,-2,32,16.0,0.0625
order matcha,-4,34,8.5,0.11764705882352941
order milk,-10,48,4.8,0.20833333333333334
order one,-7,49,7.0,0.14285714285714285
order online,-2,56,28.0,0.03571428571428571
order oolong,-4,49,12.25,0.08163265306122448
order order,-9,23,2.5555555555555554,0.391304347826087
order pick,-3,43,14.333333333333334,0.06976744186046512
order place,-3,33,11.0,0.09090909090909091
order pork,-4,34,8.5,0.11764705882352941
order ready,0,38,inf,0.0
order regular,-9,32,3.5555555555555554,0.28125
order spicy,-4,29,7.25,0.13793103448275862
order sugar,-2,27,13.5,0.07407407407407407
order take,-12,52,4.333333333333333,0.23076923076923078
order taro,-4,62,15.5,0.06451612903225806
order thai,-4,27,6.75,0.14814814814814814
order two,-9,36,4.0,0.25
order wait,-2,42,21.0,0.047619047619047616
order wrong,-18,24,1.3333333333333333,0.75
osmanthus oolong,0,32,inf,0.0
outdoor seating,-2,38,19.0,0.05263157894736842
outside store,-1,27,27.0,0.037037037037037035
overall good,-2,47,23.5,0.0425531914893617
overall great,0,51,inf,0.0
overall pretty,0,29,inf,0.0
overall really,-2,27,13.5,0.07407407407407407
overall would,-3,52,17.333333333333332,0.057692307692307696
overly sweet,-13,214,16.46153846153846,0.06074766355140187
pad thai,-2,35,17.5,0.05714285714285714
pandan jelly,-1,38,38.0,0.02631578947368421
pandan waffle,0,46,inf,0.0
park slope,-4,103,25.75,0.038834951456310676
pass place,-5,29,5.8,0.1724137931034483
passion fruit,-5,269,53.8,0.01858736059479554
passionfruit green,0,32,inf,0.0
pay cash,-5,35,7.0,0.14285714285714285
pay extra,-5,21,4.2,0.23809523809523808
peach white,-2,39,19.5,0.05128205128205128
peanut butter,-8,41,5.125,0.1951219512195122
peanut sauce,-2,49,24.5,0.04081632653061224
pearl cream,-2,38,19.0,0.05263157894736842
pearl milk,-2,73,36.5,0.0273972602739726
people come,-5,35,7.0,0.14285714285714285
people like,-3,31,10.333333333333334,0.0967741935483871
people line,-2,28,14.0,0.07142857142857142
people order,-3,30,10.0,0.1
people wait,-2,40,20.0,0.05
people work,-4,81,20.25,0.04938271604938271
perfect amount,0,101,inf,0.0
perfect balance,0,45,inf,0.0
perfect consistency,0,36,inf,0.0
perfect hot,0,25,inf,0.0
perfect place,0,26,inf,0.0
perfect size,0,28,inf,0.0
perfect texture,0,38,inf,0.0
perfectly chewy,0,52,inf,0.0
perfectly cook,0,38,inf,0.0
personal favorite,-1,45,45.0,0.022222222222222223
personally like,-1,30,30.0,0.03333333333333333
pick drink,-2,27,13.5,0.07407407407407407
pick order,-2,19,9.5,0.10526315789473684
place also,-3,56,18.666666666666668,0.05357142857142857
place always,-3,46,15.333333333333334,0.06521739130434782
place amaze,0,33,inf,0.0
place area,-4,58,14.5,0.06896551724137931
place around,-3,54,18.0,0.05555555555555555
place awesome,0,42,inf,0.0
place best,-1,40,40.0,0.025
place chinatown,-3,94,31.333333333333332,0.031914893617021274
place city,-2,70,35.0,0.02857142857142857
place clean,-3,59,19.666666666666668,0.05084745762711865
place close,-2,33,16.5,0.06060606060606061
place come,-6,52,8.666666666666666,0.11538461538461539
place cute,0,40,inf,0.0
place definitely,-1,93,93.0,0.010752688172043012
place drink,-2,50,25.0,0.04
place eat,0,27,inf,0.0
place even,-4,23,5.75,0.17391304347826086
place ever,-7,78,11.142857142857142,0.08974358974358974
place favorite,0,27,inf,0.0
place find,0,32,inf,0.0
place first,-3,29,9.666666666666666,0.10344827586206896
place friend,-1,54,54.0,0.018518518518518517
place get,-19,226,11.894736842105264,0.084070796460177
place give,-2,24,12.0,0.08333333333333333
place good,-8,93,11.625,0.08602150537634409
place grab,-2,40,20.0,0.05
place great,-2,125,62.5,0.016
place hang,0,32,inf,0.0
place ice,-1,24,24.0,0.041666666666666664
place know,-1,35,35.0,0.02857142857142857
place like,-2,110,55.0,0.01818181818181818
place little,0,26,inf,0.0
place look,-2,47,23.5,0.0425531914893617
place love,0,57,inf,0.0
place make,-1,67,67.0,0.014925373134328358
place manhattan,-2,25,12.5,0.08
place many,-2,29,14.5,0.06896551724137931
place milk,0,28,inf,0.0
place much,-1,43,43.0,0.023255813953488372
place neighborhood,-2,25,12.5,0.08
place new,-1,46,46.0,0.021739130434782608
place nice,-2,33,16.5,0.06060606060606061
place nyc,-1,72,72.0,0.013888888888888888
place offer,-1,40,40.0,0.025
place one,-2,46,23.0,0.043478260869565216
place open,-3,60,20.0,0.05
place order,-18,117,6.5,0.15384615384615385
place place,-3,39,13.0,0.07692307692307693
place pretty,0,64,inf,0.0
place quick,0,31,inf,0.0
place really,-5,114,22.8,0.043859649122807015
place serve,-1,38,38.0,0.02631578947368421
place since,-8,37,4.625,0.21621621621621623
place sit,-2,66,33.0,0.030303030303030304
place small,-3,102,34.0,0.029411764705882353
place star,-5,49,9.8,0.10204081632653061
place still,-2,25,12.5,0.08
place stop,-1,35,35.0,0.02857142857142857
place super,0,50,inf,0.0
place take,-3,34,11.333333333333334,0.08823529411764706
place taste,-3,25,8.333333333333334,0.12
place think,-3,26,8.666666666666666,0.11538461538461539
place though,0,28,inf,0.0
place time,-3,25,8.333333333333334,0.12
place tiny,-2,27,13.5,0.07407407407407407
place try,-6,114,19.0,0.05263157894736842
place use,-3,63,21.0,0.047619047619047616
place want,-5,40,8.0,0.125
place worth,-1,28,28.0,0.03571428571428571
place would,-1,81,81.0,0.012345679012345678
play board,0,32,inf,0.0
pleasantly surprise,0,93,inf,0.0
popcorn chicken,-14,307,21.928571428571427,0.04560260586319218
popular drink,0,30,inf,0.0
pork bahn,-3,26,8.666666666666666,0.11538461538461539
pork banh,-4,41,10.25,0.0975609756097561
pork belly,-3,164,54.666666666666664,0.018292682926829267
pork bun,-3,48,16.0,0.0625
pork chop,-11,168,15.272727272727273,0.06547619047619048
pork dumpling,0,28,inf,0.0
pork rice,-2,36,18.0,0.05555555555555555
pork sandwich,-9,65,7.222222222222222,0.13846153846153847
portion size,-1,55,55.0,0.01818181818181818
pre made,0,0,,
pretty big,0,47,inf,0.0
pretty cool,-1,31,31.0,0.03225806451612903
pretty decent,-3,41,13.666666666666666,0.07317073170731707
pretty fast,-2,36,18.0,0.05555555555555555
pretty good,-9,507,56.333333333333336,0.01775147928994083
pretty much,-2,114,57.0,0.017543859649122806
pretty quick,0,57,inf,0.0
pretty quickly,0,31,inf,0.0
pretty small,0,52,inf,0.0
pretty standard,-2,40,20.0,0.05
pretty sure,-1,28,28.0,0.03571428571428571
pretty sweet,-1,35,35.0,0.02857142857142857
pretty tasty,-1,27,27.0,0.037037037037037035
price also,-1,36,36.0,0.027777777777777776
price bit,-2,39,19.5,0.05128205128205128
price drink,-2,26,13.0,0.07692307692307693
price good,-2,35,17.5,0.05714285714285714
price great,0,34,inf,0.0
price point,-3,45,15.0,0.06666666666666667
price pretty,0,36,inf,0.0
price reasonable,-1,69,69.0,0.014492753623188406
price right,-2,23,11.5,0.08695652173913043
price would,-3,25,8.333333333333334,0.12
pricy side,-1,25,25.0,0.04
probably back,-2,23,11.5,0.08695652173913043
probably best,-5,60,12.0,0.08333333333333333
probably come,-3,27,9.0,0.1111111111111111
probably one,-1,34,34.0,0.029411764705882353
probably would,-2,27,13.5,0.07407407407407407
punch card,-2,29,14.5,0.06896551724137931
quality drink,-5,39,7.8,0.1282051282051282
quality good,-1,30,30.0,0.03333333333333333
quality ingredient,-3,53,17.666666666666668,0.05660377358490566
quick bite,-2,58,29.0,0.034482758620689655
quick friendly,0,25,inf,0.0
quick lunch,-1,27,27.0,0.037037037037037035
quick service,-4,72,18.0,0.05555555555555555
quite good,-1,43,43.0,0.023255813953488372
quite small,-1,27,27.0,0.037037037037037035
ramen good,-1,26,26.0,0.038461538461538464
ramen noodle,-4,32,8.0,0.125
ramen place,-2,34,17.0,0.058823529411764705
read review,-3,23,7.666666666666667,0.13043478260869565
real deal,-2,29,14.5,0.06896551724137931
real milk,-1,31,31.0,0.03225806451612903
real taro,-1,86,86.0,0.011627906976744186
really appreciate,0,48,inf,0.0
really bad,-12,14,1.1666666666666667,0.8571428571428571
really cool,0,36,inf,0.0
really cute,-1,68,68.0,0.014705882352941176
really delicious,0,41,inf,0.0
really enjoy,-4,167,41.75,0.023952095808383235
really fast,-2,25,12.5,0.08
really fresh,0,32,inf,0.0
really friendly,-3,50,16.666666666666668,0.06
really good,-8,545,68.125,0.014678899082568808
really great,-3,61,20.333333333333332,0.04918032786885246
really hard,-3,21,7.0,0.14285714285714285
really know,-1,25,25.0,0.04
really like,-17,257,15.117647058823529,0.06614785992217899
really love,-5,67,13.4,0.07462686567164178
really make,-2,36,18.0,0.05555555555555555
really nice,0,152,inf,0.0
really really,-2,49,24.5,0.04081632653061224
really small,-1,29,29.0,0.034482758620689655
really sweet,0,41,inf,0.0
really taste,-1,76,76.0,0.013157894736842105
really tasty,0,39,inf,0.0
really want,-13,77,5.923076923076923,0.16883116883116883
really well,-2,53,26.5,0.03773584905660377
really wrong,0,25,inf,0.0
reason give,-2,25,12.5,0.08
reasonable price,-4,70,17.5,0.05714285714285714
reasonably price,-2,58,29.0,0.034482758620689655
recommend anyone,-1,35,35.0,0.02857142857142857
recommend come,-1,38,38.0,0.02631578947368421
recommend get,-1,94,94.0,0.010638297872340425
recommend place,-8,164,20.5,0.04878048780487805
recommend try,-1,77,77.0,0.012987012987012988
red bean,-17,266,15.647058823529411,0.06390977443609022
refresh hot,-2,29,14.5,0.06896551724137931
refreshing drink,-2,34,17.0,0.058823529411764705
regular milk,-5,118,23.6,0.0423728813559322
regular size,-4,79,19.75,0.05063291139240506
regular sugar,-2,35,17.5,0.05714285714285714
return try,-1,34,34.0,0.029411764705882353
review place,-3,30,10.0,0.1
rice ball,-27,565,20.925925925925927,0.047787610619469026
rice bowl,-3,93,31.0,0.03225806451612903
rice vermicelli,-3,34,11.333333333333334,0.08823529411764706
rich creamy,0,25,inf,0.0
rich flavor,0,29,inf,0.0
right amount,-3,157,52.333333333333336,0.01910828025477707
right away,-2,33,16.5,0.06060606060606061
right front,0,37,inf,0.0
right next,-8,47,5.875,0.1702127659574468
rise milk,-2,82,41.0,0.024390243902439025
roast oolong,-3,59,19.666666666666668,0.05084745762711865
roll good,-2,29,14.5,0.06896551724137931
roll ice,-6,45,7.5,0.13333333333333333
roll roll,-2,24,12.0,0.08333333333333333
salmon roll,-4,35,8.75,0.11428571428571428
salt caramel,-1,42,42.0,0.023809523809523808
salt pepper,-4,42,10.5,0.09523809523809523
sample drink,0,25,inf,0.0
sandwich get,-4,23,5.75,0.17391304347826086
sandwich good,-1,33,33.0,0.030303030303030304
sandwich shop,-5,26,5.2,0.19230769230769232
sashimi express,0,39,inf,0.0
satisfy craving,-2,28,14.0,0.07142857142857142
saturday afternoon,-1,30,30.0,0.03333333333333333
saw place,0,25,inf,0.0
say best,-2,31,15.5,0.06451612903225806
say good,-3,27,9.0,0.1111111111111111
say like,-3,21,7.0,0.14285714285714285
say place,-6,54,9.0,0.1111111111111111
say would,-5,29,5.8,0.1724137931034483
seat area,-1,34,34.0,0.029411764705882353
seat available,0,29,inf,0.0
seat inside,-2,40,20.0,0.05
seating area,-2,37,18.5,0.05405405405405406
seaweed salad,-3,40,13.333333333333334,0.075
second chance,-3,25,8.333333333333334,0.12
second time,-10,70,7.0,0.14285714285714285
see place,-1,39,39.0,0.02564102564102564
seem like,-12,126,10.5,0.09523809523809523
selection drink,-1,42,42.0,0.023809523809523808
serve delicious,0,39,inf,0.0
serve drink,-3,23,7.666666666666667,0.13043478260869565
serve flavor,-2,38,19.0,0.05263157894736842
serve good,-3,40,13.333333333333334,0.075
serve ice,-4,126,31.5,0.031746031746031744
serve taste,-2,26,13.0,0.07692307692307693
service also,-1,34,34.0,0.029411764705882353
service always,-2,46,23.0,0.043478260869565216
service excellent,0,33,inf,0.0
service fast,-5,78,15.6,0.0641025641025641
service friendly,0,81,inf,0.0
service good,-4,82,20.5,0.04878048780487805
service great,-3,126,42.0,0.023809523809523808
service nice,0,25,inf,0.0
service pretty,0,32,inf,0.0
service quick,-6,95,15.833333333333334,0.06315789473684211
service really,-1,41,41.0,0.024390243902439025
service super,-1,39,39.0,0.02564102564102564
service would,-1,24,24.0,0.041666666666666664
several time,-1,36,36.0,0.027777777777777776
shake drink,-3,34,11.333333333333334,0.08823529411764706
shave ice,-1,29,29.0,0.034482758620689655
shop chinatown,0,52,inf,0.0
shop nyc,-1,38,38.0,0.02631578947368421
shop small,-2,59,29.5,0.03389830508474576
short rib,-6,51,8.5,0.11764705882352941
shred chicken,-3,25,8.333333333333334,0.12
shredded chicken,-2,41,20.5,0.04878048780487805
shrimp tempura,-9,166,18.444444444444443,0.05421686746987952
signature brown,-1,35,35.0,0.02857142857142857
signature cream,-2,83,41.5,0.024096385542168676
signature drink,-7,54,7.714285714285714,0.12962962962962962
since first,-7,24,3.4285714285714284,0.2916666666666667
since open,-1,31,31.0,0.03225806451612903
sit eat,-2,27,13.5,0.07407407407407407
sit enjoy,0,31,inf,0.0
size drink,-2,27,13.5,0.07407407407407407
size small,0,32,inf,0.0
slightly sweet,-1,42,42.0,0.023809523809523808
small business,-2,26,13.0,0.07692307692307693
small cup,-2,29,14.5,0.06896551724137931
small cute,0,26,inf,0.0
small large,-3,62,20.666666666666668,0.04838709677419355
small one,0,28,inf,0.0
small place,-2,82,41.0,0.024390243902439025
small shop,-2,90,45.0,0.022222222222222223
small size,-6,70,11.666666666666666,0.08571428571428572
small space,0,44,inf,0.0
small store,-2,41,20.5,0.04878048780487805
small table,0,43,inf,0.0
social distancing,-3,28,9.333333333333334,0.10714285714285714
social medium,-4,44,11.0,0.09090909090909091
soft chewy,-4,151,37.75,0.026490066225165563
soft opening,-1,29,29.0,0.034482758620689655
soft serf,-2,49,24.5,0.04081632653061224
soft serve,-42,1297,30.88095238095238,0.03238242097147263
someone else,-5,26,5.2,0.19230769230769232
something different,-2,37,18.5,0.05405405405405406
something else,-7,48,6.857142857142857,0.14583333333333334
something like,-2,27,13.5,0.07407407407407407
something new,-1,49,49.0,0.02040816326530612
something sweet,0,30,inf,0.0
something would,-1,29,29.0,0.034482758620689655
somewhere else,-8,31,3.875,0.25806451612903225
sooo good,-3,46,15.333333333333334,0.06521739130434782
soooo good,0,39,inf,0.0
sound like,-4,29,7.25,0.13793103448275862
soy milk,-7,64,9.142857142857142,0.109375
soy sauce,-1,38,38.0,0.02631578947368421
space small,-1,25,25.0,0.04
special milk,0,41,inf,0.0
spicy ajisen,-2,32,16.0,0.0625
spicy mayo,-9,97,10.777777777777779,0.09278350515463918
spicy ramen,-2,24,12.0,0.08333333333333333
spicy salmon,-3,32,10.666666666666666,0.09375
spicy tuna,-3,44,14.666666666666666,0.06818181818181818
spot chinatown,-3,35,11.666666666666666,0.08571428571428572
spot city,0,26,inf,0.0
spot get,-2,47,23.5,0.0425531914893617
spot great,-1,24,24.0,0.041666666666666664
spot quick,-1,26,26.0,0.038461538461538464
spring roll,-4,95,23.75,0.042105263157894736
st mark,0,7,inf,0.0
staff also,0,28,inf,0.0
staff always,-2,56,28.0,0.03571428571428571
staff friendly,-2,231,115.5,0.008658008658008658
staff great,0,34,inf,0.0
staff nice,-4,101,25.25,0.039603960396039604
staff really,-3,39,13.0,0.07692307692307693
staff super,-1,86,86.0,0.011627906976744186
stamp card,-5,86,17.2,0.05813953488372093
star review,-2,27,13.5,0.07407407407407407
stay away,-9,20,2.2222222222222223,0.45
still good,-2,90,45.0,0.022222222222222223
still pretty,0,39,inf,0.0
still taste,-4,34,8.5,0.11764705882352941
still warm,-1,24,24.0,0.041666666666666664
stop get,-2,39,19.5,0.05128205128205128
stop place,-2,26,13.0,0.07692307692307693
stop try,-2,30,15.0,0.06666666666666667
store small,-1,29,29.0,0.034482758620689655
strawberry mango,-1,23,23.0,0.043478260869565216
strawberry milk,-1,70,70.0,0.014285714285714285
strong flavor,0,91,inf,0.0
strong taste,-3,50,16.666666666666668,0.06
stubby cup,-2,62,31.0,0.03225806451612903
stubby size,-1,41,41.0,0.024390243902439025
student discount,-1,40,40.0,0.025
stumble upon,-1,68,68.0,0.014705882352941176
stumptown coffee,0,33,inf,0.0
sugar add,-3,26,8.666666666666666,0.11538461538461539
sugar coffee,-1,24,24.0,0.041666666666666664
sugar cream,-1,36,36.0,0.027777777777777776
sugar drink,-9,99,11.0,0.09090909090909091
sugar flavor,-1,41,41.0,0.024390243902439025
sugar good,-5,28,5.6,0.17857142857142858
sugar ice,-12,128,10.666666666666666,0.09375
sugar less,-4,49,12.25,0.08163265306122448
sugar level,-14,282,20.142857142857142,0.04964539007092199
sugar like,0,27,inf,0.0
sugar milk,-32,582,18.1875,0.054982817869415807
sugar oolong,-1,50,50.0,0.02
sugar pearl,-5,70,14.0,0.07142857142857142
sugar perfect,0,35,inf,0.0
sugar really,0,28,inf,0.0
sugar still,-1,36,36.0,0.027777777777777776
sugar sweet,-2,41,20.5,0.04878048780487805
sugar syrup,0,33,inf,0.0
sugar tapioca,0,28,inf,0.0
sugar taste,-6,52,8.666666666666666,0.11538461538461539
sugar want,-3,24,8.0,0.125
summer day,-3,85,28.333333333333332,0.03529411764705882
summer roll,-7,117,16.714285714285715,0.05982905982905983
sunday afternoon,-1,31,31.0,0.03225806451612903
super clean,0,30,inf,0.0
super cute,-1,95,95.0,0.010526315789473684
super delicious,-1,39,39.0,0.02564102564102564
super excite,0,29,inf,0.0
super fast,0,40,inf,0.0
super fresh,0,52,inf,0.0
super friendly,-1,166,166.0,0.006024096385542169
super good,0,35,inf,0.0
super nice,-3,100,33.333333333333336,0.03
super refreshing,0,36,inf,0.0
super sweet,-4,77,19.25,0.05194805194805195
super tasty,0,26,inf,0.0
super yummy,0,26,inf,0.0
sure get,-1,53,53.0,0.018867924528301886
sure would,-3,35,11.666666666666666,0.08571428571428572
surreal creamery,-2,42,21.0,0.047619047619047616
sushi place,-3,38,12.666666666666666,0.07894736842105263
sushi roll,-1,28,28.0,0.03571428571428571
sweet also,0,31,inf,0.0
sweet chewy,0,29,inf,0.0
sweet creamy,-1,26,26.0,0.038461538461538464
sweet definitely,0,37,inf,0.0
sweet drink,-1,64,64.0,0.015625
sweet enough,-7,56,8.0,0.125
sweet even,-2,36,18.0,0.05555555555555555
sweet flavor,-3,44,14.666666666666666,0.06818181818181818
sweet get,-2,34,17.0,0.058823529411764705
sweet good,-2,37,18.5,0.05405405405405406
sweet like,-6,61,10.166666666666666,0.09836065573770492
sweet milk,-1,39,39.0,0.02564102564102564
sweet perfect,-1,46,46.0,0.021739130434782608
sweet really,0,27,inf,0.0
sweet right,-1,25,25.0,0.04
sweet side,-1,65,65.0,0.015384615384615385
sweet soft,-1,29,29.0,0.034482758620689655
sweet sweet,-3,42,14.0,0.07142857142857142
sweet taste,-9,87,9.666666666666666,0.10344827586206896
sweet tooth,0,70,inf,0.0
sweet would,-1,38,38.0,0.02631578947368421
sweetness drink,0,32,inf,0.0
sweetness ice,-2,28,14.0,0.07142857142857142
sweetness level,-1,100,100.0,0.01
swirl soft,-1,41,41.0,0.024390243902439025
taiwan bear,-2,46,23.0,0.043478260869565216
taiwanese bento,-1,35,35.0,0.02857142857142857
taiwanese food,0,103,inf,0.0
taiwanese popcorn,0,31,inf,0.0
take away,-1,25,25.0,0.04
take card,-6,26,4.333333333333333,0.23076923076923078
take drink,-2,28,14.0,0.07142857142857142
take food,0,26,inf,0.0
take home,-3,29,9.666666666666666,0.10344827586206896
take long,-4,59,14.75,0.06779661016949153
take minute,-8,54,6.75,0.14814814814814814
take order,-26,144,5.538461538461538,0.18055555555555555
take picture,-1,44,44.0,0.022727272727272728
take place,-1,23,23.0,0.043478260869565216
take sip,-8,36,4.5,0.2222222222222222
take time,-3,58,19.333333333333332,0.05172413793103448
tapioca ball,-7,147,21.0,0.047619047619047616
tapioca pearl,-5,166,33.2,0.030120481927710843
taro ball,0,44,inf,0.0
taro drink,-3,44,14.666666666666666,0.06818181818181818
taro flavor,-1,45,45.0,0.022222222222222223
taro matcha,-2,35,17.5,0.05714285714285714
taro milk,-21,436,20.761904761904763,0.0481651376146789
taro root,-1,46,46.0,0.021739130434782608
taro slush,-3,29,9.666666666666666,0.10344827586206896
taste amazing,0,26,inf,0.0
taste artificial,-4,25,6.25,0.16
taste authentic,-1,31,31.0,0.03225806451612903
taste bit,-8,29,3.625,0.27586206896551724
taste bud,-4,41,10.25,0.0975609756097561
taste delicious,0,28,inf,0.0
taste difference,0,26,inf,0.0
taste different,-4,22,5.5,0.18181818181818182
taste drink,-2,52,26.0,0.038461538461538464
taste flavor,-1,44,44.0,0.022727272727272728
taste fresh,-4,97,24.25,0.041237113402061855
taste good,-18,247,13.722222222222221,0.0728744939271255
taste great,-4,119,29.75,0.03361344537815126
taste like,-69,583,8.44927536231884,0.1183533447684391
taste little,-3,34,11.333333333333334,0.08823529411764706
taste milk,-5,43,8.6,0.11627906976744186
taste much,0,26,inf,0.0
taste pretty,-3,57,19.0,0.05263157894736842
taste really,-10,73,7.3,0.136986301369863
taste similar,-3,22,7.333333333333333,0.13636363636363635
taste strong,0,27,inf,0.0
taste sweet,-4,29,7.25,0.13793103448275862
ten ren,-40,353,8.825,0.11331444759206799
texture flavor,-1,28,28.0,0.03571428571428571
thai food,-1,48,48.0,0.020833333333333332
thai ice,-14,142,10.142857142857142,0.09859154929577464
thai iced,-5,31,6.2,0.16129032258064516
thai milk,-6,53,8.833333333333334,0.11320754716981132
thing like,-14,115,8.214285714285714,0.12173913043478261
thing menu,-4,69,17.25,0.057971014492753624
thing place,-3,46,15.333333333333334,0.06521739130434782
thing would,-2,71,35.5,0.028169014084507043
think best,0,28,inf,0.0
think could,-2,23,11.5,0.08695652173913043
think drink,-3,40,13.333333333333334,0.075
think get,-3,24,8.0,0.125
think good,-1,30,30.0,0.03333333333333333
think place,-3,43,14.333333333333334,0.06976744186046512
think pretty,-1,32,32.0,0.03125
think worth,-1,27,27.0,0.037037037037037035
think would,-12,122,10.166666666666666,0.09836065573770492
though get,0,30,inf,0.0
though would,-2,39,19.5,0.05128205128205128
three time,-6,28,4.666666666666667,0.21428571428571427
throw away,-9,17,1.8888888888888888,0.5294117647058824
tiger mouth,-1,38,38.0,0.02631578947368421
tiger sugar,-20,300,15.0,0.06666666666666667
time also,-2,23,11.5,0.08695652173913043
time always,-2,29,14.5,0.06896551724137931
time area,-1,32,32.0,0.03125
time around,-5,36,7.2,0.1388888888888889
time come,-8,113,14.125,0.07079646017699115
time day,-1,27,27.0,0.037037037037037035
time definitely,0,33,inf,0.0
time drink,-3,34,11.333333333333334,0.08823529411764706
time favorite,0,31,inf,0.0
time food,-1,27,27.0,0.037037037037037035
time get,-14,137,9.785714285714286,0.10218978102189781
time make,-4,30,7.5,0.13333333333333333
time never,-4,23,5.75,0.17391304347826086
time one,-1,34,34.0,0.029411764705882353
time order,-12,76,6.333333333333333,0.15789473684210525
time place,-2,27,13.5,0.07407407407407407
time since,-2,41,20.5,0.04878048780487805
time time,-3,34,11.333333333333334,0.08823529411764706
time try,-5,138,27.6,0.036231884057971016
time visit,-2,54,27.0,0.037037037037037035
time want,-5,24,4.8,0.20833333333333334
time week,-3,43,14.333333333333334,0.06976744186046512
time would,-1,50,50.0,0.02
tiny shop,-3,30,10.0,0.1
tofu sandwich,0,28,inf,0.0
top drink,-1,34,34.0,0.029411764705882353
top notch,0,49,inf,0.0
totally worth,0,62,inf,0.0
try also,-1,28,28.0,0.03571428571428571
try black,0,48,inf,0.0
try brown,-3,72,24.0,0.041666666666666664
try different,-3,52,17.333333333333332,0.057692307692307696
try drink,-2,157,78.5,0.012738853503184714
try every,-4,47,11.75,0.0851063829787234
try first,0,32,inf,0.0
try flavor,-4,145,36.25,0.027586206896551724
try food,0,54,inf,0.0
try get,-10,68,6.8,0.14705882352941177
try green,-1,25,25.0,0.04
try ice,-1,53,53.0,0.018867924528301886
try item,0,35,inf,0.0
try least,-1,25,25.0,0.04
try many,-2,41,20.5,0.04878048780487805
try matcha,-2,43,21.5,0.046511627906976744
try menu,-1,24,24.0,0.041666666666666664
try milk,-6,57,9.5,0.10526315789473684
try new,0,76,inf,0.0
try next,-2,57,28.5,0.03508771929824561
try one,-2,84,42.0,0.023809523809523808
try oolong,0,38,inf,0.0
try order,-8,37,4.625,0.21621621621621623
try place,-14,202,14.428571428571429,0.06930693069306931
try rice,-1,32,32.0,0.03125
try soft,-2,53,26.5,0.03773584905660377
try something,-2,79,39.5,0.02531645569620253
try taro,-2,48,24.0,0.041666666666666664
try thing,-1,26,26.0,0.038461538461538464
two drink,-1,35,35.0,0.02857142857142857
two flavor,-1,31,31.0,0.03225806451612903
two people,0,38,inf,0.0
unique flavor,-1,65,65.0,0.015384615384615385
unlike place,-1,33,33.0,0.030303030303030304
unlimited topping,-7,70,10.0,0.1
update review,-3,22,7.333333333333333,0.13636363636363635
upgrade stubby,-1,35,35.0,0.02857142857142857
upon place,-1,27,27.0,0.037037037037037035
use fresh,-1,51,51.0,0.0196078431372549
use lactaid,0,34,inf,0.0
use powder,0,48,inf,0.0
use real,-7,121,17.285714285714285,0.05785123966942149
usually get,-8,138,17.25,0.057971014492753624
usually like,-1,28,28.0,0.03571428571428571
usually order,-4,40,10.0,0.1
vanilla ice,-4,45,11.25,0.08888888888888889
variety drink,-1,32,32.0,0.03125
variety flavor,-3,48,16.0,0.0625
vegetarian chicken,-3,35,11.666666666666666,0.08571428571428572
vermicelli salad,-3,39,13.0,0.07692307692307693
vietnamese coffee,-6,107,17.833333333333332,0.056074766355140186
vietnamese food,-4,40,10.0,0.1
vietnamese sandwich,-9,138,15.333333333333334,0.06521739130434782
vip card,0,27,inf,0.0
visit nyc,0,39,inf,0.0
visit place,-2,29,14.5,0.06896551724137931
wait back,0,70,inf,0.0
wait come,-2,63,31.5,0.031746031746031744
wait drink,-3,44,14.666666666666666,0.06818181818181818
wait get,-1,32,32.0,0.03125
wait line,-11,86,7.818181818181818,0.12790697674418605
wait long,-10,81,8.1,0.12345679012345678
wait min,-14,119,8.5,0.11764705882352941
wait minute,-11,94,8.545454545454545,0.11702127659574468
wait order,-4,66,16.5,0.06060606060606061
wait outside,-3,37,12.333333333333334,0.08108108108108109
wait time,-3,56,18.666666666666668,0.05357142857142857
wait try,-2,73,36.5,0.0273972602739726
walk around,-3,88,29.333333333333332,0.03409090909090909
walk distance,-3,24,8.0,0.125
walk past,-1,30,30.0,0.03333333333333333
walk place,-1,26,26.0,0.038461538461538464
want back,-2,24,12.0,0.08333333333333333
want come,-7,47,6.714285714285714,0.14893617021276595
want drink,-8,47,5.875,0.1702127659574468
want get,-6,59,9.833333333333334,0.1016949152542373
want give,-7,25,3.5714285714285716,0.28
want good,-3,22,7.333333333333333,0.13636363636363635
want like,-3,24,8.0,0.125
want order,-6,30,5.0,0.2
want something,-2,49,24.5,0.04081632653061224
want try,-9,211,23.444444444444443,0.04265402843601896
watch make,-1,30,30.0,0.03333333333333333
way back,-2,25,12.5,0.08
way get,-3,54,18.0,0.05555555555555555
way good,-2,50,25.0,0.04
way like,0,45,inf,0.0
way much,-4,35,8.75,0.11428571428571428
way sweet,-3,48,16.0,0.0625
wear mask,0,29,inf,0.0
week ago,-5,27,5.4,0.18518518518518517
well also,0,26,inf,0.0
well definitely,-2,23,11.5,0.08695652173913043
well make,-1,46,46.0,0.021739130434782608
well worth,-1,41,41.0,0.024390243902439025
well would,0,26,inf,0.0
west coast,-5,32,6.4,0.15625
white pearl,-4,49,12.25,0.08163265306122448
whole milk,-7,31,4.428571428571429,0.22580645161290322
whole thing,-2,33,16.5,0.06060606060606061
wide selection,0,38,inf,0.0
wide variety,-2,45,22.5,0.044444444444444446
winter melon,-3,35,11.666666666666666,0.08571428571428572
wish could,-1,43,43.0,0.023255813953488372
wish would,-1,52,52.0,0.019230769230769232
within minute,-1,42,42.0,0.023809523809523808
worker friendly,-2,25,12.5,0.08
worker nice,0,25,inf,0.0
worth hype,-4,32,8.0,0.125
worth price,-7,54,7.714285714285714,0.12962962962962962
worth try,-4,94,23.5,0.0425531914893617
worth visit,-2,29,14.5,0.06896551724137931
worth wait,-4,88,22.0,0.045454545454545456
would back,-4,60,15.0,0.06666666666666667
would come,-16,246,15.375,0.06504065040650407
would definitely,0,347,inf,0.0
would expect,-4,44,11.0,0.09090909090909091
would get,-11,119,10.818181818181818,0.09243697478991597
would give,-12,87,7.25,0.13793103448275862
would good,-4,41,10.25,0.0975609756097561
would highly,-1,71,71.0,0.014084507042253521
would like,-7,180,25.714285714285715,0.03888888888888889
would love,0,65,inf,0.0
would make,-4,48,12.0,0.08333333333333333
would never,-9,27,3.0,0.3333333333333333
would nice,-1,32,32.0,0.03125
would order,-6,44,7.333333333333333,0.13636363636363635
would prefer,-4,23,5.75,0.17391304347826086
would probably,-6,73,12.166666666666666,0.0821917808219178
would rather,-6,26,4.333333333333333,0.23076923076923078
would recommend,-20,318,15.9,0.06289308176100629
would say,-11,180,16.363636363636363,0.06111111111111111
would still,-1,29,29.0,0.034482758620689655
would suggest,-4,28,7.0,0.14285714285714285
would taste,0,25,inf,0.0
would think,-5,28,5.6,0.17857142857142858
would try,-3,46,15.333333333333334,0.06521739130434782
would want,-2,29,14.5,0.06896551724137931
would way,-1,33,33.0,0.030303030303030304
wow milk,-7,28,4.0,0.25
write review,-2,57,28.5,0.03508771929824561
yaya chicken,-1,47,47.0,0.02127659574468085
yaya garden,-1,39,39.0,0.02564102564102564
year ago,-6,64,10.666666666666666,0.09375
yelp check,-1,30,30.0,0.03333333333333333
yelp review,-3,37,12.333333333333334,0.08108108108108109
yet try,0,34,inf,0.0
york city,-3,44,14.666666666666666,0.06818181818181818
